{"cameraMode":{"drawMode":0,"name":"Shaded","section":"Shading Mode"},"sceneLighting":false,"audioPlay":false,"sceneViewState":{"m_AlwaysRefresh":false,"showFog":true,"showSkybox":false,"showFlares":true,"showImageEffects":true,"showParticleSystems":true,"showVisualEffectGraphs":true,"m_FxEnabled":true},"in2DMode":false,"pivot":{"x":4.135167598724365,"y":28.436086654663087,"z":6.289630889892578},"rotation":{"x":0.21078115701675416,"y":0.014662101864814759,"z":-0.0031618981156498195,"w":0.9774191379547119},"size":15.691814422607422,"orthographic":false}