{"cameraMode":{"drawMode":0,"name":"Shaded","section":"Shading Mode"},"sceneLighting":true,"audioPlay":false,"sceneViewState":{"m_AlwaysRefresh":false,"showFog":true,"showSkybox":true,"showFlares":true,"showImageEffects":true,"showParticleSystems":true,"showVisualEffectGraphs":true,"m_FxEnabled":true},"in2DMode":false,"pivot":{"x":123.39765167236328,"y":20.438880920410158,"z":-0.1663055419921875},"rotation":{"x":0.17545153200626374,"y":-0.019196540117263795,"z":0.00342177995480597,"w":0.9842962026596069},"size":189.6022491455078,"orthographic":false}